id,first_name,last_name,email,gender,ip_address
1,Veda,Jewar,vjewar0@edublogs.org,Female,252.116.74.112
2,Jase,Pitherick,jpitherick1@facebook.com,Male,185.123.32.148
3,Montague,Schrinel,mschrinel2@vkontakte.ru,Male,222.74.150.27
4,Clo,Hawtin,chawtin3@plala.or.jp,Female,166.67.175.248
5,Matthieu,Heavyside,mheavyside4@nifty.com,Male,224.182.229.159
6,Jan,Knolles-Green,jknollesgreen5@usgs.gov,Female,49.48.23.61
7,Lavinia,Asbery,lasbery6@amazon.co.uk,Female,223.4.16.5
8,Keane,Burrill,kburrill7@sciencedirect.com,Male,55.32.91.155
9,Salvatore,Marns,smarns8@taobao.com,Male,68.253.146.249
10,Ferdinanda,Seres,fseres9@tiny.cc,Female,170.189.132.140
11,Silas,Cruddas,scruddasa@ft.com,Male,43.86.48.243
12,Markus,Esposito,mespositob@usa.gov,Male,23.38.218.163
13,Vasilis,O'Tierney,votierneyc@ted.com,Male,60.122.142.190
14,Rivi,Rambaut,rrambautd@php.net,Female,251.220.229.20
15,Kennith,Byass,kbyasse@intel.com,Male,51.69.83.20
16,Karlene,Wimpeney,kwimpeneyf@deviantart.com,Female,151.135.12.218
17,Kim,Pickthorne,kpickthorneg@scientificamerican.com,Female,139.236.171.29
18,Tremaine,Giffard,tgiffardh@stanford.edu,Male,120.101.140.132
19,Wayland,aManger,wamangeri@ameblo.jp,Male,84.220.240.74
20,Abner,Fendlen,afendlenj@cocolog-nifty.com,Male,129.213.100.249
21,Sephira,Lorait,sloraitk@hc360.com,Female,203.57.210.38
22,Boy,Bussens,bbussensl@umn.edu,Male,105.101.139.151
23,Siusan,Stirley,sstirleym@nifty.com,Female,98.133.242.65
24,Christy,Duncanson,cduncansonn@un.org,Female,192.177.189.150
25,Eliot,Bool,eboolo@hc360.com,Male,179.226.98.17
26,Estella,Lindenbluth,elindenbluthp@spotify.com,Female,183.131.231.105
27,Cymbre,Herries,cherriesq@issuu.com,Female,61.155.90.149
28,Raimondo,Gatecliffe,rgatecliffer@icq.com,Male,94.224.198.42
29,Gaston,Southey,gsoutheys@behance.net,Male,231.115.133.169
30,Leoine,Escalera,lescalerat@gizmodo.com,Female,203.118.237.28
31,Salomi,MacCambridge,smaccambridgeu@cocolog-nifty.com,Female,164.56.123.198
32,Nevil,Fibbit,nfibbitv@dedecms.com,Male,95.149.39.179
33,Lilli,MacCaffery,lmaccafferyw@fotki.com,Female,167.219.2.104
34,Dasi,Summerbell,dsummerbellx@over-blog.com,Female,213.117.11.20
35,Dusty,McComish,dmccomishy@mac.com,Female,114.21.10.111
36,Janifer,Bowdrey,jbowdreyz@nifty.com,Female,87.171.209.34
37,Davide,Cobello,dcobello10@arstechnica.com,Male,196.78.231.140
38,Ermin,Cheevers,echeevers11@goodreads.com,Male,159.166.234.205
39,Jamison,Quinet,jquinet12@reference.com,Male,234.206.193.207
40,Wendel,Hacksby,whacksby13@aol.com,Male,154.229.61.42
41,Garnette,Clougher,gclougher14@yellowpages.com,Female,35.44.190.179
42,Hewe,Ketteringham,hketteringham15@noaa.gov,Male,43.90.232.67
43,Louisa,McAdam,lmcadam16@google.co.jp,Female,28.128.131.121
44,Tadd,Dudding,tdudding17@dagondesign.com,Male,213.253.199.133
45,Ronna,Whittek,rwhittek18@infoseek.co.jp,Female,222.161.237.215
46,Hildagard,Pavolillo,hpavolillo19@canalblog.com,Female,198.242.83.183
47,Sileas,Deason,sdeason1a@google.com,Female,119.242.232.29
48,Bernie,Davidescu,bdavidescu1b@fc2.com,Female,67.172.105.228
49,Roberta,Barrett,rbarrett1c@wikimedia.org,Female,123.16.124.98
50,Ellerey,Kensall,ekensall1d@ox.ac.uk,Male,131.187.227.131
51,Barbabas,Ockland,bockland1e@opera.com,Male,236.199.156.243
52,Tanny,Demangeot,tdemangeot1f@wix.com,Male,173.164.125.128
53,Alwin,Guise,aguise1g@vinaora.com,Male,211.85.126.89
54,Delilah,Carriage,dcarriage1h@blog.com,Female,92.49.100.189
55,Raven,Antuoni,rantuoni1i@edublogs.org,Female,57.121.6.200
56,Clotilda,Libbis,clibbis1j@auda.org.au,Female,135.199.39.244
57,Franz,Jeyes,fjeyes1k@wordpress.com,Male,133.147.145.50
58,Marlene,Iacovacci,miacovacci1l@admin.ch,Female,147.217.39.205
59,Cindi,Morrid,cmorrid1m@huffingtonpost.com,Female,230.205.125.152
60,Heywood,Callis,hcallis1n@army.mil,Male,249.123.84.173
61,Etan,Kempton,ekempton1o@mlb.com,Male,244.7.45.95
62,Viva,Slate,vslate1p@dion.ne.jp,Female,2.112.243.34
63,Edeline,Romaint,eromaint1q@edublogs.org,Female,130.82.176.5
64,Riki,Castagnier,rcastagnier1r@mit.edu,Female,110.25.28.251
65,Jocko,Willment,jwillment1s@wp.com,Male,139.216.31.19
66,Madelaine,Minchi,mminchi1t@blogs.com,Female,85.119.38.25
67,Francesca,Buddleigh,fbuddleigh1u@over-blog.com,Female,221.180.210.183
68,Pernell,Glide,pglide1v@eventbrite.com,Male,250.85.242.31
69,Oneida,Fahy,ofahy1w@pinterest.com,Female,16.82.109.149
70,Perla,Prester,pprester1x@dailymotion.com,Female,25.121.117.137
71,Creigh,Timoney,ctimoney1y@java.com,Male,120.251.98.248
72,Queenie,Benedikt,qbenedikt1z@tiny.cc,Female,118.221.37.87
73,Marco,Coysh,mcoysh20@linkedin.com,Male,204.219.203.84
74,Valentine,MacCrossan,vmaccrossan21@yellowbook.com,Male,38.59.1.232
75,Aurelie,Causby,acausby22@arizona.edu,Female,180.218.44.222
76,Martina,O'Caherny,mocaherny23@angelfire.com,Female,83.121.204.83
77,Klemens,Beckmann,kbeckmann24@canalblog.com,Male,65.73.92.129
78,Dian,Ciccoloi,dciccoloi25@twitpic.com,Female,71.9.113.98
79,Hyacinth,MacGlory,hmacglory26@stanford.edu,Female,82.156.143.152
80,Lynna,Akram,lakram27@4shared.com,Female,164.79.188.28
81,Michel,Ewings,mewings28@flavors.me,Male,28.138.49.190
82,Lissy,Baptiste,lbaptiste29@marriott.com,Female,168.34.174.126
83,Burr,Bolter,bbolter2a@accuweather.com,Male,186.26.239.168
84,Gayelord,Smallridge,gsmallridge2b@nbcnews.com,Male,73.218.5.41
85,Othilia,Raggatt,oraggatt2c@webnode.com,Female,117.15.69.94
86,Wrennie,Delhanty,wdelhanty2d@accuweather.com,Female,25.146.87.152
87,Nonna,Laville,nlaville2e@springer.com,Female,124.131.11.166
88,Ely,Measures,emeasures2f@dot.gov,Male,71.44.28.197
89,Teador,Braisted,tbraisted2g@godaddy.com,Male,169.241.44.23
90,Clea,Bavister,cbavister2h@seesaa.net,Female,216.206.191.144
91,Oswell,Ervine,oervine2i@squidoo.com,Male,98.235.127.94
92,Lorrie,Beaford,lbeaford2j@chron.com,Male,13.54.198.134
93,Darla,Toland,dtoland2k@kickstarter.com,Female,207.205.41.202
94,Cristabel,Fuentes,cfuentes2l@theatlantic.com,Female,34.19.61.11
95,Obed,Maffione,omaffione2m@fc2.com,Male,101.169.188.234
96,Anderson,Mays,amays2n@usda.gov,Male,78.149.89.163
97,Melony,Tomley,mtomley2o@sakura.ne.jp,Female,123.61.218.240
98,Hew,Eliyahu,heliyahu2p@ihg.com,Male,72.36.181.40
99,Wilfred,Grim,wgrim2q@comsenz.com,Male,58.233.165.66
100,Maje,Fullilove,mfullilove2r@ocn.ne.jp,Male,29.91.19.83
101,Rocky,Kiely,rkiely2s@pen.io,Male,35.184.252.28
102,Lucille,Grigorini,lgrigorini2t@vistaprint.com,Female,39.111.210.31
103,Tildi,Markl,tmarkl2u@bloglines.com,Female,90.208.98.74
104,Olav,Greenmon,ogreenmon2v@comcast.net,Male,61.87.230.217
105,Theo,Petherick,tpetherick2w@yelp.com,Male,197.239.74.218
106,Catie,Dalgety,cdalgety2x@wired.com,Female,227.43.120.114
107,Elia,Asher,easher2y@paginegialle.it,Male,216.156.85.247
108,Ally,MacMeekan,amacmeekan2z@github.com,Female,225.255.150.83
109,Timmy,Tozer,ttozer30@ezinearticles.com,Female,225.250.205.140
110,Ebenezer,Stenet,estenet31@typepad.com,Male,209.68.109.135
111,Bronny,Sturgess,bsturgess32@unesco.org,Male,218.65.121.113
112,Aksel,Boyington,aboyington33@mac.com,Male,136.27.139.83
113,Johannah,Ashforth,jashforth34@ucsd.edu,Female,19.110.140.215
114,Neel,Lownds,nlownds35@youtu.be,Male,201.19.97.205
115,Lizabeth,Meegin,lmeegin36@nps.gov,Female,181.202.218.29
116,Ronna,Wraggs,rwraggs37@whitehouse.gov,Female,188.235.246.7
117,Shane,Lorraway,slorraway38@printfriendly.com,Female,136.60.67.163
118,Nicola,D'eathe,ndeathe39@paypal.com,Male,178.94.248.51
119,Natty,Siret,nsiret3a@constantcontact.com,Female,155.203.124.102
120,Vanessa,Bestwall,vbestwall3b@moonfruit.com,Female,156.128.110.229
121,Milt,Licciardo,mlicciardo3c@smugmug.com,Male,222.12.207.102
122,Wynnie,Jenny,wjenny3d@sphinn.com,Female,17.98.5.80
123,Alexis,Yeatman,ayeatman3e@mac.com,Male,197.28.201.49
124,Simon,Alberts,salberts3f@smugmug.com,Male,96.74.13.5
125,Fidel,Merner,fmerner3g@yellowpages.com,Male,102.66.133.71
126,Blakelee,Paramore,bparamore3h@vkontakte.ru,Female,215.107.121.74
127,Thacher,Wiszniewski,twiszniewski3i@admin.ch,Male,242.121.101.83
128,Gloria,Jacquet,gjacquet3j@soup.io,Female,245.224.208.106
129,Kayla,Wedgbrow,kwedgbrow3k@va.gov,Female,164.188.197.34
130,Galen,Griffoen,ggriffoen3l@sbwire.com,Male,108.235.251.239
131,Manda,Ianno,mianno3m@mayoclinic.com,Female,32.29.177.143
132,Gareth,Dayes,gdayes3n@desdev.cn,Male,52.65.142.165
133,Lynde,Shannahan,lshannahan3o@nydailynews.com,Female,112.203.149.144
134,Jilli,Van't Hoff,jvanthoff3p@google.co.jp,Female,95.94.165.14
135,Sherwood,Claypool,sclaypool3q@w3.org,Male,52.156.187.31
136,Melita,Eastabrook,meastabrook3r@biglobe.ne.jp,Female,156.249.219.201
137,Blanche,Screase,bscrease3s@homestead.com,Female,119.175.96.11
138,Dev,Chitter,dchitter3t@dyndns.org,Male,86.70.119.4
139,Laetitia,Carlett,lcarlett3u@typepad.com,Female,231.103.41.233
140,Nikolaos,Kasperski,nkasperski3v@examiner.com,Male,219.9.32.241
141,Bordy,Liddyard,bliddyard3w@kickstarter.com,Male,248.240.230.20
142,Barclay,Longrigg,blongrigg3x@digg.com,Male,37.24.139.181
143,Juan,Berger,jberger3y@ask.com,Male,124.62.33.9
144,Fin,Just,fjust3z@1688.com,Male,9.188.243.145
145,Cornelia,Winny,cwinny40@surveymonkey.com,Female,99.9.209.22
146,Jacintha,Calvard,jcalvard41@imdb.com,Female,202.203.251.228
147,Sharai,Wands,swands42@xing.com,Female,13.175.205.218
148,Reeba,Fountian,rfountian43@aboutads.info,Female,230.116.149.231
149,Kinnie,Matschek,kmatschek44@mapy.cz,Male,43.228.10.217
150,Neron,Lendrem,nlendrem45@tuttocitta.it,Male,88.145.183.73
151,Sheilakathryn,Augar,saugar46@delicious.com,Female,33.112.80.221
152,Oby,Wasselin,owasselin47@tumblr.com,Male,13.84.19.126
153,Judas,Yakobowitch,jyakobowitch48@webnode.com,Male,15.6.196.5
154,Kearney,Paterson,kpaterson49@tmall.com,Male,254.56.167.75
155,Cariotta,Abry,cabry4a@ed.gov,Female,9.90.26.36
156,Robinetta,Granleese,rgranleese4b@goo.gl,Female,187.146.181.219
157,Judie,Rotter,jrotter4c@furl.net,Female,170.65.171.63
158,Wenda,Admans,wadmans4d@dell.com,Female,19.173.39.55
159,Zachary,Gozney,zgozney4e@devhub.com,Male,89.15.230.55
160,Sean,Offill,soffill4f@wikispaces.com,Female,124.42.91.119
161,Iseabal,Shuard,ishuard4g@ca.gov,Female,149.136.226.115
162,Davis,MacMenamin,dmacmenamin4h@photobucket.com,Male,133.15.93.253
163,Calypso,Eldrid,celdrid4i@blogtalkradio.com,Female,161.251.114.225
164,Kathie,Bealing,kbealing4j@altervista.org,Female,183.80.169.65
165,Daron,McGrale,dmcgrale4k@nsw.gov.au,Male,192.42.210.43
166,Chandra,Grassot,cgrassot4l@dropbox.com,Female,184.31.71.156
167,Hendrika,Chaudron,hchaudron4m@fda.gov,Female,217.241.194.158
168,Brena,Brasier,bbrasier4n@quantcast.com,Female,238.149.40.137
169,Cordelia,Yarwood,cyarwood4o@kickstarter.com,Female,11.161.8.232
170,Melessa,Heinsius,mheinsius4p@xinhuanet.com,Female,244.190.197.172
171,Olive,Schoffel,oschoffel4q@google.it,Female,240.136.155.209
172,Fred,McKeowon,fmckeowon4r@nyu.edu,Male,175.144.131.232
173,Kirsti,Coners,kconers4s@de.vu,Female,201.72.94.90
174,Brew,Goldine,bgoldine4t@mozilla.org,Male,243.114.89.0
175,Courtnay,Lindop,clindop4u@nhs.uk,Female,59.83.165.90
176,Gaspard,Ibbison,gibbison4v@artisteer.com,Male,222.84.141.12
177,Kiel,Scarlon,kscarlon4w@bluehost.com,Male,150.52.224.237
178,Danila,Lilleycrop,dlilleycrop4x@unesco.org,Female,192.114.225.176
179,Darya,Brass,dbrass4y@hao123.com,Female,66.245.182.225
180,Vincents,Anthony,vanthony4z@java.com,Male,192.97.109.219
181,Lucio,Roft,lroft50@cdc.gov,Male,151.127.248.134
182,Jamie,Brobak,jbrobak51@dailymotion.com,Female,145.150.181.76
183,Valaree,George,vgeorge52@bbb.org,Female,107.55.126.97
184,Legra,Berringer,lberringer53@mac.com,Female,74.127.146.88
185,Dagmar,Bockings,dbockings54@chronoengine.com,Female,194.158.29.194
186,Emelda,Hindge,ehindge55@drupal.org,Female,238.138.186.14
187,Del,Burnitt,dburnitt56@ebay.co.uk,Female,136.224.237.16
188,Jean,Sherred,jsherred57@topsy.com,Male,122.150.108.189
189,Gonzales,Rathmell,grathmell58@biblegateway.com,Male,166.199.9.64
190,Sharia,Glover,sglover59@soup.io,Female,144.27.240.75
191,Carena,Warren,cwarren5a@jugem.jp,Female,57.62.189.30
192,Wenona,Neylan,wneylan5b@t.co,Female,45.100.165.130
193,Winnifred,Tilliards,wtilliards5c@indiatimes.com,Female,172.235.47.129
194,Lamond,Ragless,lragless5d@arizona.edu,Male,79.173.165.99
195,Nisse,Sate,nsate5e@google.ru,Female,255.221.120.139
196,Delaney,Itzkovwitch,ditzkovwitch5f@thetimes.co.uk,Male,8.4.223.145
197,Sonny,Fisby,sfisby5g@hhs.gov,Male,124.84.21.193
198,Bobbi,Wollaston,bwollaston5h@ucoz.com,Female,57.107.20.158
199,Yancey,Allright,yallright5i@google.co.jp,Male,9.248.186.19
200,Chickie,Simonazzi,csimonazzi5j@kickstarter.com,Female,22.140.21.254
201,Gideon,Toland,gtoland5k@livejournal.com,Male,185.154.62.101
202,Ralf,Zack,rzack5l@springer.com,Male,222.46.35.196
203,Jacki,Diano,jdiano5m@webmd.com,Female,16.112.157.175
204,Roseanne,Sawood,rsawood5n@opensource.org,Female,233.148.20.239
205,Clotilda,McRory,cmcrory5o@parallels.com,Female,214.109.69.102
206,Ayn,Warbeys,awarbeys5p@dot.gov,Female,78.194.188.138
207,Hew,Jellico,hjellico5q@imgur.com,Male,35.87.94.114
208,Matilda,Drewery,mdrewery5r@g.co,Female,131.21.243.58
209,Dorelle,Catcheside,dcatcheside5s@posterous.com,Female,165.187.46.28
210,Leslie,Gavrielly,lgavrielly5t@stanford.edu,Female,229.148.70.81
211,Morrie,Evanson,mevanson5u@istockphoto.com,Male,108.109.143.230
212,Ingrid,Mingotti,imingotti5v@patch.com,Female,130.8.71.235
213,Norbert,Paunsford,npaunsford5w@businessinsider.com,Male,68.126.52.150
214,Myriam,Amner,mamner5x@usgs.gov,Female,95.118.180.126
215,Paulette,Beachamp,pbeachamp5y@whitehouse.gov,Female,57.155.105.199
216,Elonore,Matiebe,ematiebe5z@github.com,Female,252.26.93.164
217,Tybie,Keinrat,tkeinrat60@alibaba.com,Female,202.231.138.23
218,Emelda,Biesinger,ebiesinger61@last.fm,Female,104.26.6.6
219,Karel,Romagnosi,kromagnosi62@comcast.net,Male,136.193.117.190
220,Jayson,Dobrovolny,jdobrovolny63@flickr.com,Male,221.113.137.18
221,Cleon,Padgett,cpadgett64@list-manage.com,Male,29.90.187.144
222,Harli,Norkett,hnorkett65@reuters.com,Female,78.182.155.37
223,Letta,Mapson,lmapson66@twitter.com,Female,213.37.89.211
224,Trescha,Urling,turling67@infoseek.co.jp,Female,83.102.190.3
225,Matthaeus,Moulsdall,mmoulsdall68@macromedia.com,Male,213.95.134.178
226,Joan,Knaggs,jknaggs69@flickr.com,Female,135.249.252.90
227,Galvin,Giacovetti,ggiacovetti6a@ibm.com,Male,91.248.77.137
228,Imogene,Rasp,irasp6b@livejournal.com,Female,1.27.3.26
229,Justis,Nuemann,jnuemann6c@liveinternet.ru,Male,23.231.164.250
230,Sally,Comellini,scomellini6d@opera.com,Female,14.84.92.1
231,Linn,Stares,lstares6e@eventbrite.com,Female,59.220.67.86
232,Sosanna,Shapera,sshapera6f@baidu.com,Female,235.77.171.165
233,Francis,Bouch,fbouch6g@trellian.com,Male,93.0.24.168
234,Sergei,O'Duane,soduane6h@about.me,Male,73.109.98.118
235,Bonnee,Kempton,bkempton6i@cbslocal.com,Female,232.163.164.242
236,Jessey,Eve,jeve6j@msu.edu,Male,31.126.111.102
237,Otes,Death,odeath6k@webs.com,Male,150.250.40.100
238,Reta,Hearnshaw,rhearnshaw6l@columbia.edu,Female,32.201.150.221
239,Aksel,Fendlen,afendlen6m@wordpress.com,Male,127.113.242.143
240,Jerrie,Smoth,jsmoth6n@simplemachines.org,Female,212.135.205.14
241,Hyacinthia,Moneypenny,hmoneypenny6o@devhub.com,Female,114.19.138.93
242,Lizzie,Porker,lporker6p@tuttocitta.it,Female,100.102.141.109
243,Hedwiga,Shirer,hshirer6q@ucla.edu,Female,12.141.250.88
244,Rianon,Kellitt,rkellitt6r@weebly.com,Female,147.223.172.114
245,Yancy,Arber,yarber6s@studiopress.com,Male,141.96.112.6
246,Hannis,Duinkerk,hduinkerk6t@globo.com,Female,215.217.173.225
247,Doug,Docksey,ddocksey6u@shinystat.com,Male,71.132.207.10
248,Micki,Sidworth,msidworth6v@marketwatch.com,Female,121.129.206.4
249,Emiline,Switland,eswitland6w@amazon.de,Female,204.175.215.159
250,Roda,Girardetti,rgirardetti6x@newsvine.com,Female,166.142.63.135
251,Tonye,Dilgarno,tdilgarno6y@cbslocal.com,Female,173.122.14.90
252,Roscoe,Leggin,rleggin6z@nature.com,Male,33.56.143.96
253,Christian,Gorrick,cgorrick70@foxnews.com,Male,69.152.147.132
254,Mia,Calcut,mcalcut71@ocn.ne.jp,Female,237.97.195.100
255,Marc,Isacoff,misacoff72@berkeley.edu,Male,66.204.76.64
256,Karlik,Vasile,kvasile73@upenn.edu,Male,224.160.231.7
257,Kellby,Crolla,kcrolla74@hhs.gov,Male,89.105.246.121
258,Norina,Finlayson,nfinlayson75@woothemes.com,Female,246.240.210.35
259,Ilyssa,Izzard,iizzard76@google.fr,Female,17.238.127.7
260,Jillian,Levee,jlevee77@rambler.ru,Female,176.110.19.96
261,Juliana,Somersett,jsomersett78@latimes.com,Female,219.211.148.72
262,Ginnie,Leteurtre,gleteurtre79@1und1.de,Female,140.31.136.190
263,Marni,D'Costa,mdcosta7a@irs.gov,Female,117.241.254.78
264,Kienan,Peebles,kpeebles7b@free.fr,Male,216.111.105.40
265,Thorndike,Dowglass,tdowglass7c@mlb.com,Male,216.190.82.108
266,Jennica,Dake,jdake7d@prnewswire.com,Female,151.254.227.3
267,Catha,Dorman,cdorman7e@ovh.net,Female,117.43.26.230
268,Sven,Estoile,sestoile7f@oaic.gov.au,Male,244.87.6.246
269,Barri,Boldra,bboldra7g@dion.ne.jp,Male,7.68.79.164
270,Ludvig,Dawkins,ldawkins7h@usa.gov,Male,139.105.151.178
271,Bucky,Tanby,btanby7i@springer.com,Male,41.137.241.101
272,Cyndie,Tresler,ctresler7j@studiopress.com,Female,205.217.216.141
273,Jessamine,Sansum,jsansum7k@gov.uk,Female,30.133.83.229
274,Beryl,Karolowski,bkarolowski7l@nytimes.com,Female,98.93.54.25
275,Porter,Justun,pjustun7m@tuttocitta.it,Male,159.100.202.83
276,Carmelita,Cawsby,ccawsby7n@icio.us,Female,189.126.161.146
277,Garrick,Priel,gpriel7o@statcounter.com,Male,42.154.98.204
278,Cross,Detoile,cdetoile7p@fda.gov,Male,133.96.8.52
279,Garik,Youthed,gyouthed7q@discuz.net,Male,13.15.144.211
280,Brier,Tothacot,btothacot7r@comsenz.com,Female,187.253.108.190
281,Colas,Bradberry,cbradberry7s@ihg.com,Male,66.145.174.49
282,Bram,Baston,bbaston7t@storify.com,Male,230.100.224.20
283,Tiffani,Extill,textill7u@cam.ac.uk,Female,122.242.163.130
284,Clio,Kusick,ckusick7v@arstechnica.com,Female,213.201.142.56
285,Edwin,Ceely,eceely7w@unc.edu,Male,155.109.200.164
286,Cosmo,Somerscales,csomerscales7x@who.int,Male,182.129.79.32
287,Kelby,Kensley,kkensley7y@mysql.com,Male,15.36.188.126
288,Quentin,Daen,qdaen7z@elpais.com,Male,150.41.142.155
289,Ollie,Reddish,oreddish80@wufoo.com,Female,251.61.167.103
290,Hadlee,Boffey,hboffey81@canalblog.com,Male,104.146.61.60
291,Sheila,Aitken,saitken82@accuweather.com,Female,220.99.33.59
292,Salvidor,Ewin,sewin83@jimdo.com,Male,74.21.244.245
293,Cathi,Bollon,cbollon84@foxnews.com,Female,4.155.243.193
294,Salomo,Kopje,skopje85@ibm.com,Male,93.124.207.89
295,Ansell,Axtonne,aaxtonne86@miibeian.gov.cn,Male,236.68.173.92
296,Avrom,Wholesworth,awholesworth87@mapquest.com,Male,165.40.131.215
297,Munroe,Athow,mathow88@vinaora.com,Male,20.141.59.109
298,Shirley,Sayce,ssayce89@bigcartel.com,Female,239.103.134.3
299,Otis,Inder,oinder8a@forbes.com,Male,87.48.190.54
300,Andeee,Burree,aburree8b@hp.com,Female,130.65.115.125
301,Willetta,Horder,whorder8c@symantec.com,Female,243.224.252.249
302,Harald,Fludder,hfludder8d@altervista.org,Male,76.240.110.87
303,Hallsy,Bellini,hbellini8e@dailymotion.com,Male,129.109.54.114
304,Tobe,Joselevitz,tjoselevitz8f@japanpost.jp,Female,56.137.146.213
305,Gib,Willowby,gwillowby8g@gizmodo.com,Male,228.45.23.172
306,Stesha,Nail,snail8h@chron.com,Female,25.245.255.114
307,Kerry,Naptin,knaptin8i@cpanel.net,Male,247.222.184.81
308,Gizela,Shadrach,gshadrach8j@vkontakte.ru,Female,82.237.239.248
309,Veronica,Ellaway,vellaway8k@posterous.com,Female,223.17.61.210
310,Roseanna,Scriver,rscriver8l@reuters.com,Female,63.24.222.145
311,Wynn,Plummer,wplummer8m@yahoo.com,Female,229.242.98.136
312,Kerwin,Ibert,kibert8n@blog.com,Male,242.186.172.12
313,Taddeusz,Szanto,tszanto8o@123-reg.co.uk,Male,65.109.7.238
314,Melina,Seeler,mseeler8p@bloglovin.com,Female,156.119.191.164
315,Eolanda,Burberow,eburberow8q@chronoengine.com,Female,192.174.213.101
316,Anstice,Welds,awelds8r@homestead.com,Female,49.46.126.162
317,Phaidra,Doylend,pdoylend8s@example.com,Female,82.139.163.241
318,Renie,Sute,rsute8t@ebay.co.uk,Female,90.240.191.62
319,Goldia,Daggett,gdaggett8u@wordpress.org,Female,232.201.196.198
320,Korry,Fishe,kfishe8v@aboutads.info,Female,95.121.198.238
321,Mirelle,Grinaugh,mgrinaugh8w@vistaprint.com,Female,46.81.172.253
322,Frasquito,Parman,fparman8x@mit.edu,Male,106.72.113.207
323,Gan,Cruces,gcruces8y@state.tx.us,Male,158.42.61.218
324,Kev,Torns,ktorns8z@reuters.com,Male,63.137.205.158
325,Karim,Eliasson,keliasson90@1und1.de,Male,8.191.158.151
326,Rhett,Edinburough,redinburough91@webs.com,Male,160.169.92.246
327,Danya,Houlahan,dhoulahan92@youtube.com,Male,218.221.141.74
328,Austine,Minchella,aminchella93@businesswire.com,Female,218.227.187.45
329,Lucie,Verdie,lverdie94@geocities.jp,Female,146.220.77.172
330,Shanna,Kingaby,skingaby95@usatoday.com,Female,143.90.217.249
331,Gilbertina,Brunn,gbrunn96@parallels.com,Female,113.154.34.154
332,Abe,Branchet,abranchet97@examiner.com,Male,66.158.152.84
333,Vivien,Miles,vmiles98@ucoz.com,Female,2.87.5.220
334,Olvan,Truluck,otruluck99@hao123.com,Male,150.11.235.77
335,Huntley,Ellcome,hellcome9a@mac.com,Male,233.162.118.195
336,Bary,Gasnell,bgasnell9b@newsvine.com,Male,183.109.57.29
337,Dasya,Cabell,dcabell9c@biglobe.ne.jp,Female,109.241.70.246
338,Lucias,Pedrielli,lpedrielli9d@washingtonpost.com,Male,251.55.119.1
339,Barney,Foulsham,bfoulsham9e@vkontakte.ru,Male,67.224.135.25
340,Terri,Jillins,tjillins9f@live.com,Male,204.129.85.8
341,Mitch,Van't Hoff,mvanthoff9g@seesaa.net,Male,90.152.140.31
342,Clerkclaude,Guerrier,cguerrier9h@sbwire.com,Male,204.82.67.118
343,Magdalene,Pickvance,mpickvance9i@lycos.com,Female,25.204.12.176
344,Maible,Saffrin,msaffrin9j@icq.com,Female,69.110.220.213
345,Jermayne,Renshall,jrenshall9k@europa.eu,Male,17.74.179.204
346,Lindsey,Muffitt,lmuffitt9l@amazon.co.uk,Male,10.169.221.173
347,Shayna,Liddyard,sliddyard9m@ox.ac.uk,Female,244.242.211.77
348,Phyllys,Labrone,plabrone9n@ucoz.ru,Female,129.181.115.226
349,Mariellen,Lawlie,mlawlie9o@nasa.gov,Female,104.137.167.64
350,Lavina,Beers,lbeers9p@bizjournals.com,Female,120.196.157.82
351,Lucius,Proschke,lproschke9q@mozilla.com,Male,60.253.43.114
352,Carmencita,Parlor,cparlor9r@mashable.com,Female,230.58.129.99
353,Lona,Matantsev,lmatantsev9s@elegantthemes.com,Female,251.128.143.82
354,Austin,Kyneton,akyneton9t@moonfruit.com,Male,190.120.247.34
355,Myles,Osgordby,mosgordby9u@live.com,Male,203.68.236.166
356,Leighton,Allpress,lallpress9v@youku.com,Male,14.218.206.244
357,Donalt,Marchenko,dmarchenko9w@msu.edu,Male,56.172.24.175
358,Obadias,Yardy,oyardy9x@gov.uk,Male,43.101.82.137
359,Ainsley,Broschke,abroschke9y@nydailynews.com,Female,249.128.112.134
360,Marchall,Steinor,msteinor9z@twitpic.com,Male,6.194.165.66
361,Jori,Treby,jtrebya0@creativecommons.org,Female,137.214.207.179
362,Daffy,Garatty,dgarattya1@mysql.com,Female,245.167.0.206
363,Hurley,Ranking,hrankinga2@tinyurl.com,Male,162.50.103.33
364,Tadio,Maccree,tmaccreea3@sun.com,Male,253.194.36.131
365,Issy,Bissiker,ibissikera4@thetimes.co.uk,Female,149.143.174.122
366,Felicity,Baudoux,fbaudouxa5@mit.edu,Female,167.56.106.4
367,Marcelo,Keatley,mkeatleya6@sina.com.cn,Male,162.92.11.182
368,Quillan,Eveling,qevelinga7@edublogs.org,Male,242.254.127.47
369,Flossy,Truse,ftrusea8@indiatimes.com,Female,160.150.117.225
370,Jase,Tench,jtencha9@paypal.com,Male,55.232.13.169
371,Yovonnda,Bengtsson,ybengtssonaa@cisco.com,Female,250.88.150.118
372,Francois,Pearsall,fpearsallab@jimdo.com,Male,106.77.129.1
373,Goober,Diwell,gdiwellac@indiatimes.com,Male,235.121.121.123
374,Kaylee,Lejeune,klejeunead@webs.com,Female,52.101.109.58
375,Robinet,Holwell,rholwellae@theatlantic.com,Female,22.124.8.221
376,Ardenia,Minihan,aminihanaf@china.com.cn,Female,130.61.34.79
377,Rodrick,Lusgdin,rlusgdinag@reference.com,Male,56.153.25.173
378,Benedick,Mockes,bmockesah@senate.gov,Male,245.45.236.63
379,Donn,Aizik,daizikai@marriott.com,Male,132.153.29.226
380,Kirstin,Gingel,kgingelaj@shinystat.com,Female,125.60.69.216
381,Mack,Pinn,mpinnak@alibaba.com,Male,179.74.191.100
382,Lanna,Boness,lbonessal@nsw.gov.au,Female,149.210.175.152
383,Alvera,Sandercock,asandercockam@thetimes.co.uk,Female,143.230.119.233
384,Durant,Boynes,dboynesan@jigsy.com,Male,121.149.195.119
385,Hamlen,Lee,hleeao@europa.eu,Male,98.217.120.227
386,Sharia,Lesser,slesserap@technorati.com,Female,75.50.230.174
387,Jecho,Mathers,jmathersaq@state.gov,Male,10.84.79.201
388,Angie,Challiner,achallinerar@odnoklassniki.ru,Female,173.15.115.158
389,Lanie,Caberas,lcaberasas@huffingtonpost.com,Male,198.40.28.183
390,Florry,Gormley,fgormleyat@indiegogo.com,Female,245.192.112.66
391,Cathleen,Gerauld,cgerauldau@ocn.ne.jp,Female,13.62.116.176
392,Arlan,Maase,amaaseav@tripadvisor.com,Male,60.96.190.84
393,Jenny,Hempel,jhempelaw@t.co,Female,139.154.157.23
394,Tate,Pawling,tpawlingax@blogs.com,Female,217.49.115.98
395,Cob,Brewitt,cbrewittay@answers.com,Male,62.149.175.134
396,Heinrick,Sallier,hsallieraz@jiathis.com,Male,217.43.30.114
397,Calvin,Tarpey,ctarpeyb0@harvard.edu,Male,58.105.169.132
398,Marnia,Heaton,mheatonb1@smugmug.com,Female,153.239.159.41
399,Muire,Fanthom,mfanthomb2@comcast.net,Female,3.128.179.55
400,Bud,Petrelli,bpetrellib3@nba.com,Male,177.17.228.14
401,Milo,Longridge,mlongridgeb4@networksolutions.com,Male,139.184.75.151
402,Bryna,Wenban,bwenbanb5@home.pl,Female,85.58.147.121
403,Colet,Bibby,cbibbyb6@sfgate.com,Male,15.21.253.182
404,Zechariah,Spenclay,zspenclayb7@booking.com,Male,158.11.203.62
405,Allissa,Kares,akaresb8@businessinsider.com,Female,164.74.205.177
406,Gifford,Hulburt,ghulburtb9@cdc.gov,Male,174.26.158.52
407,Roddy,Gippes,rgippesba@blogger.com,Male,160.96.217.90
408,Aura,Scotchbourouge,ascotchbourougebb@hao123.com,Female,13.224.216.84
409,Lira,Reasce,lreascebc@odnoklassniki.ru,Female,100.177.120.15
410,Nananne,Granleese,ngranleesebd@si.edu,Female,225.210.166.104
411,Lew,O'Gleasane,logleasanebe@privacy.gov.au,Male,127.185.169.32
412,Layton,Pol,lpolbf@answers.com,Male,119.248.154.49
413,Andromache,Houtby,ahoutbybg@huffingtonpost.com,Female,63.188.131.212
414,Nate,Bing,nbingbh@unblog.fr,Male,128.168.50.8
415,Chaunce,Frenzl,cfrenzlbi@mysql.com,Male,109.63.81.177
416,Carmella,McKearnen,cmckearnenbj@yelp.com,Female,1.26.113.225
417,Eva,Calleja,ecallejabk@1und1.de,Female,210.191.148.110
418,Anallise,Saveall,asaveallbl@businesswire.com,Female,174.203.65.18
419,Worden,Giampietro,wgiampietrobm@google.com.hk,Male,74.87.214.89
420,Vaughan,Vodden,vvoddenbn@sina.com.cn,Male,11.112.211.254
421,Marchelle,Kenyam,mkenyambo@squarespace.com,Female,116.98.80.211
422,Gwynne,Kidwell,gkidwellbp@engadget.com,Female,153.108.212.109
423,Elise,Bodiam,ebodiambq@ebay.com,Female,46.186.82.121
424,Kaylee,Gladdifh,kgladdifhbr@shareasale.com,Female,181.239.28.121
425,Jolie,Coda,jcodabs@webmd.com,Female,252.187.228.146
426,Dur,MacKaile,dmackailebt@canalblog.com,Male,104.75.101.65
427,Sheffield,Megany,smeganybu@multiply.com,Male,48.99.49.37
428,Trumaine,Besse,tbessebv@constantcontact.com,Male,228.144.179.173
429,Ardyce,Hummerston,ahummerstonbw@posterous.com,Female,125.163.83.221
430,Holt,Hawket,hhawketbx@oakley.com,Male,246.89.248.196
431,Franni,Gainfort,fgainfortby@addtoany.com,Female,225.121.6.192
432,Bartholomeus,Kock,bkockbz@unesco.org,Male,210.121.61.172
433,Roddy,Medcalf,rmedcalfc0@berkeley.edu,Male,145.144.221.12
434,Lawrence,Palfreman,lpalfremanc1@ibm.com,Male,82.241.18.35
435,Annabal,Minillo,aminilloc2@skyrock.com,Female,166.159.102.247
436,Gibb,McAlester,gmcalesterc3@dailymotion.com,Male,47.47.190.232
437,Hope,Purselowe,hpurselowec4@shop-pro.jp,Female,223.127.84.7
438,Adriano,Barszczewski,abarszczewskic5@huffingtonpost.com,Male,31.102.38.198
439,Sylvan,Heckle,shecklec6@tripod.com,Male,226.104.39.78
440,Pooh,Mourge,pmourgec7@cisco.com,Male,125.147.3.206
441,Carlin,Himpson,chimpsonc8@washingtonpost.com,Male,143.204.21.135
442,Gaye,MacKee,gmackeec9@ifeng.com,Female,220.126.110.254
443,Trumann,Putton,tputtonca@plala.or.jp,Male,147.233.75.227
444,Talyah,Devers,tdeverscb@hhs.gov,Female,33.122.104.73
445,Ignaz,Bonnett,ibonnettcc@flavors.me,Male,146.164.26.157
446,Raphaela,Fawthrop,rfawthropcd@purevolume.com,Female,87.44.65.219
447,Cherey,Fernier,cfernierce@ehow.com,Female,217.50.172.10
448,Irita,Dawbery,idawberycf@constantcontact.com,Female,253.175.4.172
449,Ansley,Schall,aschallcg@163.com,Female,20.91.207.128
450,Rinaldo,Draco,rdracoch@feedburner.com,Male,229.70.105.61
451,Aloysia,Moughtin,amoughtinci@oakley.com,Female,165.244.227.44
452,Edgardo,Robbel,erobbelcj@sina.com.cn,Male,185.26.60.104
453,Leanora,Lode,llodeck@tumblr.com,Female,162.199.59.32
454,Lillis,Lightewood,llightewoodcl@rediff.com,Female,209.234.162.77
455,Judd,Weildish,jweildishcm@github.io,Male,4.88.144.142
456,Zara,Gwyn,zgwyncn@mit.edu,Female,170.60.81.50
457,Juliane,Manjot,jmanjotco@parallels.com,Female,100.9.255.136
458,Gaspar,Dumpleton,gdumpletoncp@usnews.com,Male,110.115.216.158
459,Esther,Tempest,etempestcq@rakuten.co.jp,Female,65.157.240.17
460,Hasheem,Fahey,hfaheycr@indiatimes.com,Male,180.142.206.235
461,Sarine,Bullivent,sbulliventcs@timesonline.co.uk,Female,142.218.35.149
462,Abie,Lidgett,alidgettct@kickstarter.com,Male,210.134.65.254
463,Deedee,Coneron,dconeroncu@harvard.edu,Female,97.52.115.3
464,Lin,Beddie,lbeddiecv@joomla.org,Male,235.178.108.139
465,Lock,Inseal,linsealcw@walmart.com,Male,196.100.66.227
466,Brooks,Brevetor,bbrevetorcx@1und1.de,Female,232.116.192.160
467,Ingram,Bines,ibinescy@bloomberg.com,Male,203.28.200.248
468,Bat,Paute,bpautecz@squidoo.com,Male,163.94.30.17
469,Editha,Quillinane,equillinaned0@vkontakte.ru,Female,77.75.235.219
470,Wanda,Cleator,wcleatord1@studiopress.com,Female,194.62.138.171
471,Adorne,Impey,aimpeyd2@odnoklassniki.ru,Female,202.191.92.242
472,Mallissa,Brotherick,mbrotherickd3@blogs.com,Female,55.129.124.82
473,Gannon,Hintze,ghintzed4@globo.com,Male,221.198.19.177
474,Dell,Malec,dmalecd5@cbc.ca,Male,92.24.34.67
475,Rollins,Donnersberg,rdonnersbergd6@nytimes.com,Male,87.126.153.10
476,Robenia,Gaggen,rgaggend7@hostgator.com,Female,182.185.162.136
477,Susann,Wellen,swellend8@blogtalkradio.com,Female,240.245.19.20
478,Nolana,Cattanach,ncattanachd9@blogtalkradio.com,Female,210.157.2.136
479,Dwight,Merali,dmeralida@nsw.gov.au,Male,224.38.65.109
480,Cam,Lamberts,clambertsdb@epa.gov,Male,241.121.89.6
481,Valdemar,Humpherston,vhumpherstondc@mapquest.com,Male,239.210.66.88
482,Rudolfo,Biesinger,rbiesingerdd@t-online.de,Male,234.225.100.122
483,Fayina,Abrami,fabramide@example.com,Female,89.69.207.180
484,Jedd,Braunton,jbrauntondf@discovery.com,Male,245.208.122.42
485,Randolph,Kennifeck,rkennifeckdg@nba.com,Male,85.174.1.201
486,Amalee,Escot,aescotdh@wunderground.com,Female,68.131.157.115
487,Townie,Larkins,tlarkinsdi@msn.com,Male,196.208.49.40
488,Kim,Spileman,kspilemandj@opensource.org,Female,141.68.157.214
489,Talbert,MacIlraith,tmacilraithdk@qq.com,Male,167.62.136.232
490,Emma,Brockett,ebrockettdl@shutterfly.com,Female,221.92.178.229
491,Hewett,Mance,hmancedm@weebly.com,Male,205.36.57.95
492,Xenia,Applegarth,xapplegarthdn@scientificamerican.com,Female,245.253.252.222
493,Tailor,Mears,tmearsdo@skype.com,Male,125.227.22.79
494,Frederico,Fernihough,ffernihoughdp@myspace.com,Male,47.68.31.248
495,Herold,MacTeggart,hmacteggartdq@vistaprint.com,Male,20.27.246.90
496,Rozelle,Winckles,rwincklesdr@youtu.be,Female,249.112.186.149
497,Benji,Hemshall,bhemshallds@hud.gov,Male,82.247.105.219
498,Vivi,Hillett,vhillettdt@pen.io,Female,121.217.19.86
499,Darrell,Wedmore.,dwedmoredu@wikimedia.org,Male,16.240.6.168
500,Dianna,Dudmarsh,ddudmarshdv@army.mil,Female,23.82.67.85
501,Aloysia,Lemerie,alemeriedw@about.com,Female,49.185.124.10
502,Carlee,Venediktov,cvenediktovdx@reverbnation.com,Female,105.9.208.219
503,Romain,Rogeron,rrogerondy@nifty.com,Male,34.238.14.167
504,Sibella,Rhydderch,srhydderchdz@slideshare.net,Female,72.251.162.244
505,Benedicta,Grishkov,bgrishkove0@symantec.com,Female,18.79.21.29
506,Winona,Mewburn,wmewburne1@bbc.co.uk,Female,141.72.216.147
507,Georgy,Di Batista,gdibatistae2@blogspot.com,Male,108.54.211.44
508,Tadeas,Vile,tvilee3@acquirethisname.com,Male,207.207.68.50
509,Arlan,Harsant,aharsante4@qq.com,Male,140.238.5.66
510,Cheston,Brothwell,cbrothwelle5@moonfruit.com,Male,230.122.94.178
511,Rollin,Ollerhad,rollerhade6@biglobe.ne.jp,Male,34.232.14.154
512,Alexis,Gun,agune7@epa.gov,Female,199.236.250.139
513,Serge,McIndoe,smcindoee8@simplemachines.org,Male,171.161.43.233
514,Mar,Nucci,mnuccie9@wisc.edu,Male,119.106.183.127
515,Tremaine,Sebring,tsebringea@nba.com,Male,114.247.198.97
516,Lazaro,Codman,lcodmaneb@com.com,Male,195.191.9.166
517,Bealle,Starking,bstarkingec@weebly.com,Male,120.159.26.62
518,Hedvig,Caldecourt,hcaldecourted@miibeian.gov.cn,Female,227.232.156.104
519,Tris,Faloon,tfaloonee@constantcontact.com,Male,213.147.200.230
520,Ramona,Sotheron,rsotheronef@artisteer.com,Female,48.55.77.158
521,Andreana,Gandrich,agandricheg@instagram.com,Female,34.7.113.80
522,Grange,Morden,gmordeneh@icio.us,Male,139.82.99.142
523,Rogers,MacLure,rmaclureei@sbwire.com,Male,35.32.97.26
524,Nelson,Bebis,nbebisej@pcworld.com,Male,212.60.212.229
525,Grenville,Hryskiewicz,ghryskiewiczek@newsvine.com,Male,106.35.222.173
526,Adrienne,Coleford,acolefordel@freewebs.com,Female,108.193.192.234
527,Darrell,Marden,dmardenem@vinaora.com,Male,2.125.174.54
528,Noby,Alexandrou,nalexandrouen@samsung.com,Male,152.18.15.17
529,Friederike,Balaison,fbalaisoneo@gov.uk,Female,74.92.209.95
530,Domenic,Lelievre,dlelievreep@phpbb.com,Male,253.236.20.252
531,Jamie,Buckham,jbuckhameq@diigo.com,Male,120.136.31.240
532,Brok,Lexa,blexaer@goo.gl,Male,138.235.230.0
533,Keefe,McKerron,kmckerrones@marriott.com,Male,121.39.237.33
534,Cal,Damiral,cdamiralet@ftc.gov,Male,174.178.250.154
535,Cirillo,Tappington,ctappingtoneu@stumbleupon.com,Male,126.233.246.46
536,Maryjane,Gibling,mgiblingev@biglobe.ne.jp,Female,108.19.209.254
537,Fletch,Leythley,fleythleyew@smh.com.au,Male,5.121.130.172
538,Haydon,Guisot,hguisotex@indiegogo.com,Male,180.206.52.113
539,Judith,Bembrigg,jbembriggey@macromedia.com,Female,245.35.77.227
540,Spenser,Mochar,smocharez@tinypic.com,Male,238.178.10.248
541,Gabriellia,Heys,gheysf0@bloglovin.com,Female,125.96.204.125
542,Lenka,Shippam,lshippamf1@webeden.co.uk,Female,84.138.243.162
543,Jacky,MacGiany,jmacgianyf2@seesaa.net,Female,68.215.234.53
544,Amalea,Garham,agarhamf3@europa.eu,Female,212.224.82.208
545,Kaylyn,Reuss,kreussf4@nasa.gov,Female,4.115.194.34
546,Estrellita,Ander,eanderf5@about.me,Female,210.51.117.46
547,Stacee,Lambard,slambardf6@phoca.cz,Male,4.92.184.6
548,Lindy,Belvin,lbelvinf7@businessweek.com,Male,66.106.180.119
549,Elmo,Moyes,emoyesf8@hexun.com,Male,143.89.19.163
550,Dorey,Reditt,dredittf9@google.co.jp,Female,56.174.21.63
551,Edmund,Junes,ejunesfa@tamu.edu,Male,246.234.113.103
552,Fairlie,Aitchison,faitchisonfb@google.com,Male,25.58.93.8
553,Pia,Drover,pdroverfc@patch.com,Female,86.131.151.182
554,Agace,Antoniutti,aantoniuttifd@hhs.gov,Female,121.91.148.182
555,Jason,Trayling,jtraylingfe@boston.com,Male,42.212.11.169
556,Ivor,Rennie,irennieff@washingtonpost.com,Male,59.248.34.49
557,Susannah,Yurevich,syurevichfg@paypal.com,Female,39.243.253.53
558,Kiele,Zamboniari,kzamboniarifh@va.gov,Female,1.34.212.149
559,Timmy,Huckerbe,thuckerbefi@netvibes.com,Female,140.137.100.244
560,Hunt,McKinstry,hmckinstryfj@wufoo.com,Male,101.150.192.164
561,Danika,Faircloth,dfairclothfk@wunderground.com,Female,121.137.119.72
562,Goddard,Arlott,garlottfl@tamu.edu,Male,62.116.215.244
563,Agnesse,Backwell,abackwellfm@domainmarket.com,Female,40.211.89.197
564,Pace,Barkas,pbarkasfn@wikispaces.com,Male,225.108.12.212
565,Lyon,Linskill,llinskillfo@imageshack.us,Male,167.68.177.170
566,Rusty,O'Gormally,rogormallyfp@google.cn,Male,161.186.209.198
567,Graham,Cooksley,gcooksleyfq@narod.ru,Male,4.148.223.5
568,Gianni,Lyttle,glyttlefr@sciencedaily.com,Male,92.5.136.201
569,Orren,Harford,oharfordfs@twitter.com,Male,199.223.166.47
570,Jacky,Dorin,jdorinft@tumblr.com,Female,3.255.16.100
571,Terese,Lapere,tlaperefu@timesonline.co.uk,Female,228.236.110.241
572,Brigitte,McAneny,bmcanenyfv@imdb.com,Female,162.161.194.38
573,Alexine,Morland,amorlandfw@examiner.com,Female,177.25.43.140
574,Kirby,Nairne,knairnefx@studiopress.com,Male,112.203.197.97
575,Hort,Baitey,hbaiteyfy@devhub.com,Male,122.202.36.110
576,Regina,Poller,rpollerfz@jugem.jp,Female,50.175.238.208
577,Susanne,Bamlett,sbamlettg0@google.ca,Female,81.154.83.96
578,Siobhan,Torra,storrag1@hatena.ne.jp,Female,252.75.87.196
579,Sarajane,McKevin,smckeving2@abc.net.au,Female,165.71.160.0
580,Alastair,Wank,awankg3@pen.io,Male,15.155.210.94
581,Dorthy,Warlowe,dwarloweg4@google.ca,Female,84.177.209.3
582,Bartel,Longhi,blonghig5@tamu.edu,Male,34.239.254.95
583,Aaron,Mendenhall,amendenhallg6@army.mil,Male,236.234.175.10
584,Morris,Bonaire,mbonaireg7@w3.org,Male,199.235.96.102
585,Consalve,Gateshill,cgateshillg8@oaic.gov.au,Male,167.217.116.245
586,Davis,Gorriessen,dgorriesseng9@alexa.com,Male,7.102.65.11
587,Alanah,McNeachtain,amcneachtainga@opera.com,Female,200.10.212.149
588,Cybil,Corfield,ccorfieldgb@soundcloud.com,Female,252.16.206.14
589,Devi,Wetherburn,dwetherburngc@edublogs.org,Female,246.170.151.100
590,Fulton,Gormley,fgormleygd@cam.ac.uk,Male,64.190.124.214
591,Nap,Fawdrie,nfawdriege@webmd.com,Male,128.208.54.84
592,Cassondra,Dives,cdivesgf@altervista.org,Female,96.214.208.113
593,Cobbie,Lissenden,clissendengg@com.com,Male,18.246.107.249
594,Vere,Gannon,vgannongh@uiuc.edu,Female,18.163.164.130
595,Meredeth,Cremin,mcremingi@tripod.com,Male,70.152.222.191
596,Katha,Conradie,kconradiegj@berkeley.edu,Female,241.165.203.17
597,Killy,Aughtie,kaughtiegk@utexas.edu,Male,159.0.253.103
598,Aguistin,Gilfillan,agilfillangl@uiuc.edu,Male,22.188.198.75
599,Pancho,Kinvan,pkinvangm@amazon.de,Male,13.160.109.43
600,Tate,Thow,tthowgn@wisc.edu,Female,201.13.250.10
601,Karol,Franzoli,kfranzoligo@lycos.com,Female,88.249.179.219
602,Hasty,Gristwood,hgristwoodgp@parallels.com,Male,140.190.234.31
603,Erroll,Jentle,ejentlegq@1688.com,Male,194.229.232.200
604,Tish,Raoul,traoulgr@chronoengine.com,Female,145.180.1.133
605,Kilian,Blabber,kblabbergs@discuz.net,Male,69.3.63.53
606,Mario,Gallatly,mgallatlygt@noaa.gov,Male,174.137.161.44
607,Binnie,Seville,bsevillegu@amazonaws.com,Female,22.107.183.58
608,Raviv,Isherwood,risherwoodgv@whitehouse.gov,Male,109.244.198.19
609,Odilia,Bollans,obollansgw@moonfruit.com,Female,210.192.10.74
610,Vernor,Limming,vlimminggx@mapy.cz,Male,32.151.162.118
611,Mommy,Clethro,mclethrogy@dmoz.org,Female,73.209.85.201
612,Maximilien,Nunnery,mnunnerygz@com.com,Male,69.65.174.127
613,Tam,Rousell,trousellh0@bizjournals.com,Male,79.127.16.22
614,Nessa,Baudinot,nbaudinoth1@princeton.edu,Female,182.141.124.234
615,Jared,Elsmore,jelsmoreh2@phpbb.com,Male,32.5.151.22
616,Sibylle,Acreman,sacremanh3@bloglovin.com,Female,120.230.4.58
617,Cybill,Tyrie,ctyrieh4@eepurl.com,Female,87.51.172.39
618,Hal,Mullarkey,hmullarkeyh5@about.com,Male,34.134.60.217
619,Viviana,Tiner,vtinerh6@nydailynews.com,Female,206.167.38.186
620,Frannie,Dumbreck,fdumbreckh7@sourceforge.net,Female,60.92.222.200
621,Berkly,Klaaassen,bklaaassenh8@google.fr,Male,144.126.1.117
622,Gerome,Denington,gdeningtonh9@rakuten.co.jp,Male,98.24.172.211
623,Codi,Swinbourne,cswinbourneha@usatoday.com,Male,161.15.180.180
624,Griffy,Durgan,gdurganhb@e-recht24.de,Male,143.156.144.222
625,Cassaundra,Esom,cesomhc@globo.com,Female,232.156.242.214
626,Micheal,Rizzetti,mrizzettihd@webnode.com,Male,248.140.69.244
627,Thibaud,Hardingham,thardinghamhe@gravatar.com,Male,190.30.89.155
628,Erin,Royson,eroysonhf@slideshare.net,Male,77.206.252.162
629,Carmine,Narducci,cnarduccihg@eepurl.com,Male,35.189.255.71
630,Clay,Jedrzej,cjedrzejhh@nature.com,Male,31.129.151.244
631,Arly,Hasser,ahasserhi@narod.ru,Female,115.121.238.150
632,Ad,Sives,asiveshj@fda.gov,Male,124.25.28.85
633,Emanuele,Gaskin,egaskinhk@mozilla.org,Male,240.175.134.191
634,Thaddeus,Tedahl,ttedahlhl@diigo.com,Male,73.98.134.118
635,Sula,Happel,shappelhm@ted.com,Female,211.189.135.107
636,Leonelle,Prine,lprinehn@ezinearticles.com,Female,57.169.100.27
637,Izak,O'Scully,ioscullyho@umn.edu,Male,102.96.159.9
638,Velma,Scorer,vscorerhp@sina.com.cn,Female,35.29.71.70
639,Kaye,Axelbey,kaxelbeyhq@mysql.com,Female,188.152.101.138
640,Anneliese,Derks,aderkshr@sakura.ne.jp,Female,252.89.13.217
641,Keri,Carmont,kcarmonths@g.co,Female,80.109.65.200
642,Aldin,Vasilyonok,avasilyonokht@ucoz.com,Male,122.250.126.105
643,Russ,De Laspee,rdelaspeehu@google.es,Male,107.181.31.51
644,Eveleen,Ashfull,eashfullhv@opensource.org,Female,33.115.173.27
645,Theadora,Atto,tattohw@va.gov,Female,107.6.201.117
646,Josiah,Bunce,jbuncehx@slashdot.org,Male,253.148.87.112
647,Lida,Dinnage,ldinnagehy@myspace.com,Female,111.172.171.72
648,Aretha,Cornthwaite,acornthwaitehz@blogtalkradio.com,Female,87.54.170.84
649,Daryl,Darinton,ddarintoni0@myspace.com,Female,33.58.78.43
650,Janice,Brumhead,jbrumheadi1@tmall.com,Female,199.3.135.25
651,Floria,Millom,fmillomi2@exblog.jp,Female,70.98.17.43
652,Maureene,Tregenza,mtregenzai3@stanford.edu,Female,76.51.35.199
653,Mab,Wilsey,mwilseyi4@phoca.cz,Female,143.209.220.32
654,Cullin,Smorthwaite,csmorthwaitei5@google.co.uk,Male,240.167.25.150
655,Kristian,Dy,kdyi6@zdnet.com,Male,244.94.31.100
656,Clemence,Warburton,cwarburtoni7@symantec.com,Female,200.52.10.95
657,Vernon,Pinner,vpinneri8@tripod.com,Male,16.220.4.177
658,Libbey,Soame,lsoamei9@freewebs.com,Female,105.103.14.184
659,Renaud,Bootell,rbootellia@naver.com,Male,241.180.98.79
660,Peirce,MacIver,pmaciverib@ftc.gov,Male,216.87.211.166
661,Ddene,Ambrodi,dambrodiic@freewebs.com,Female,240.194.125.58
662,Ora,Gookes,ogookesid@narod.ru,Female,96.222.193.238
663,Buddie,Binnie,bbinnieie@jigsy.com,Male,45.121.141.125
664,Flossi,Ren,frenif@wsj.com,Female,105.98.170.207
665,Erin,Lapish,elapishig@joomla.org,Male,234.114.35.9
666,Melessa,Gairdner,mgairdnerih@seesaa.net,Female,74.10.54.222
667,Byrom,Bragger,bbraggerii@cnet.com,Male,126.244.133.57
668,Aurore,Startin,astartinij@clickbank.net,Female,195.152.171.200
669,Sinclair,Borthe,sbortheik@loc.gov,Male,109.65.145.109
670,Euell,Poltun,epoltunil@alibaba.com,Male,110.124.242.146
671,Broderic,Keitch,bkeitchim@google.com.hk,Male,42.217.193.64
672,Monah,Sproul,msproulin@google.pl,Female,143.208.237.199
673,Daphna,Pottiphar,dpottiphario@ocn.ne.jp,Female,193.108.124.7
674,Dalston,Vasyutichev,dvasyutichevip@google.co.uk,Male,139.34.120.40
675,Rosemonde,Sellars,rsellarsiq@symantec.com,Female,187.133.42.83
676,Chan,Veldman,cveldmanir@google.nl,Male,11.137.163.60
677,Anatol,Daybell,adaybellis@furl.net,Male,29.118.132.121
678,Ettore,Carnock,ecarnockit@reference.com,Male,27.190.40.183
679,Nelle,Di Gregorio,ndigregorioiu@google.pl,Female,209.110.165.233
680,Birgit,Folling,bfollingiv@aboutads.info,Female,1.213.107.126
681,Bobina,Elders,beldersiw@chronoengine.com,Female,163.189.246.109
682,Vinnie,Woakes,vwoakesix@wsj.com,Male,194.96.72.227
683,Wake,Ebben,webbeniy@virginia.edu,Male,150.65.203.38
684,Loraine,Beste,lbesteiz@stumbleupon.com,Female,169.2.194.243
685,Dulcine,Brennans,dbrennansj0@oaic.gov.au,Female,43.101.120.60
686,Fredric,Margetson,fmargetsonj1@statcounter.com,Male,67.84.232.14
687,Ade,Brodnecke,abrodneckej2@google.ca,Male,233.13.119.67
688,Mary,Hryskiewicz,mhryskiewiczj3@cnn.com,Female,56.245.238.56
689,Glyn,Demangeot,gdemangeotj4@latimes.com,Male,55.59.153.49
690,Marget,Brookes,mbrookesj5@shinystat.com,Female,189.64.175.145
691,Amos,Castelow,acastelowj6@gravatar.com,Male,173.65.232.43
692,Karna,Grisley,kgrisleyj7@geocities.jp,Female,128.159.26.139
693,Neall,Goundrill,ngoundrillj8@answers.com,Male,60.158.49.144
694,Ambrosio,Terron,aterronj9@zimbio.com,Male,136.189.67.167
695,Birch,Menaul,bmenaulja@netscape.com,Male,243.169.117.208
696,Benedicta,Savidge,bsavidgejb@360.cn,Female,217.223.172.28
697,Roselia,Lurcock,rlurcockjc@deliciousdays.com,Female,135.232.86.31
698,Kassie,Johnstone,kjohnstonejd@woothemes.com,Female,147.170.109.4
699,Nicky,Backwell,nbackwellje@phoca.cz,Female,124.42.47.113
700,Anthea,Lukianovich,alukianovichjf@posterous.com,Female,206.222.32.68
701,Torey,Winters,twintersjg@soundcloud.com,Male,47.200.85.68
702,Juli,Bracer,jbracerjh@irs.gov,Female,174.194.33.98
703,Hadrian,Ricci,hricciji@wikispaces.com,Male,163.196.204.212
704,Marlyn,Prettyjohn,mprettyjohnjj@umn.edu,Female,152.204.237.93
705,Constance,Barrass,cbarrassjk@stanford.edu,Female,111.193.33.65
706,Agnella,Shearmur,ashearmurjl@cloudflare.com,Female,203.21.78.56
707,Clare,MacDonell,cmacdonelljm@odnoklassniki.ru,Female,140.178.85.149
708,Gan,Toe,gtoejn@bing.com,Male,62.108.183.215
709,Wendeline,Kells,wkellsjo@cafepress.com,Female,254.251.207.228
710,Dolley,Gibberd,dgibberdjp@google.pl,Female,13.232.201.255
711,Amble,Willbourne,awillbournejq@mozilla.com,Male,13.213.197.201
712,Lyle,Franken,lfrankenjr@msn.com,Male,251.92.92.128
713,Odille,Dobie,odobiejs@springer.com,Female,151.114.117.102
714,Rozina,Habbeshaw,rhabbeshawjt@pen.io,Female,90.64.242.248
715,Peyter,Wynter,pwynterju@bbb.org,Male,207.118.164.212
716,Heddie,Chatres,hchatresjv@histats.com,Female,87.7.142.155
717,Dorolisa,Grahame,dgrahamejw@nymag.com,Female,191.9.222.72
718,Dorthy,Cumes,dcumesjx@oakley.com,Female,246.178.234.59
719,Aldis,Szabo,aszabojy@g.co,Male,20.46.151.186
720,Rabi,Saura,rsaurajz@oracle.com,Male,42.255.230.217
721,Jemmy,Bonnin,jbonnink0@linkedin.com,Female,144.105.148.231
722,Conan,Marvelley,cmarvelleyk1@home.pl,Male,204.212.72.59
723,Spense,Larkworthy,slarkworthyk2@mayoclinic.com,Male,96.251.205.127
724,Janka,Wolvey,jwolveyk3@livejournal.com,Female,142.49.0.110
725,Janela,Lackeye,jlackeyek4@census.gov,Female,32.4.58.253
726,Dasha,Killimister,dkillimisterk5@mit.edu,Female,110.141.9.234
727,Emelia,Alderman,ealdermank6@google.cn,Female,250.205.50.77
728,Jocelyn,Toby,jtobyk7@angelfire.com,Female,181.182.104.83
729,Jolynn,Vernazza,jvernazzak8@sina.com.cn,Female,89.201.224.135
730,Josey,Myerscough,jmyerscoughk9@liveinternet.ru,Female,210.179.43.198
731,Glenn,Gurling,ggurlingka@illinois.edu,Female,78.206.57.242
732,Clayborne,Aylin,caylinkb@buzzfeed.com,Male,234.98.68.50
733,Tiler,Hulburd,thulburdkc@com.com,Male,81.65.160.5
734,Annemarie,Flewitt,aflewittkd@tinypic.com,Female,67.226.232.10
735,Hart,Hastin,hhastinke@dagondesign.com,Male,194.98.41.101
736,Bianca,Attwill,battwillkf@google.it,Female,169.41.230.75
737,Milka,Dable,mdablekg@so-net.ne.jp,Female,249.120.130.36
738,Carmine,Swinnerton,cswinnertonkh@google.nl,Male,250.70.175.220
739,Adelina,Guyer,aguyerki@google.com.hk,Female,24.223.233.215
740,Lambert,Scogin,lscoginkj@flickr.com,Male,119.219.65.212
741,Hort,Buggs,hbuggskk@huffingtonpost.com,Male,253.180.113.73
742,Alvy,Beaglehole,abeagleholekl@nationalgeographic.com,Male,132.145.200.78
743,Shelia,Valek,svalekkm@skype.com,Female,251.236.48.38
744,Drona,Pizzey,dpizzeykn@marketwatch.com,Female,49.52.32.239
745,Alisander,Smorfit,asmorfitko@dell.com,Male,219.216.196.4
746,Leonardo,Sandels,lsandelskp@engadget.com,Male,7.139.155.145
747,Tarra,Shatliffe,tshatliffekq@dropbox.com,Female,243.252.207.110
748,Lalo,Thaim,lthaimkr@stumbleupon.com,Male,122.28.36.102
749,Bria,Seamark,bseamarkks@webmd.com,Female,80.38.2.169
750,Emmy,Sales,esaleskt@cafepress.com,Female,225.155.106.27
751,Maureen,Ludlom,mludlomku@smh.com.au,Female,241.59.242.74
752,Billye,Fredi,bfredikv@list-manage.com,Female,90.237.242.19
753,Jo-ann,Chelley,jchelleykw@telegraph.co.uk,Female,110.193.68.139
754,Diann,McNamee,dmcnameekx@intel.com,Female,65.96.104.113
755,Vally,Smidmor,vsmidmorky@de.vu,Female,2.201.94.225
756,Marybeth,Larmett,mlarmettkz@opera.com,Female,240.15.134.128
757,Kiley,Culshew,kculshewl0@storify.com,Male,47.248.80.116
758,Annemarie,Rushman,arushmanl1@fc2.com,Female,1.61.169.148
759,Griffie,Tomczykowski,gtomczykowskil2@soundcloud.com,Male,2.113.205.67
760,Regine,Barukh,rbarukhl3@sohu.com,Female,94.147.130.96
761,Jessa,Colcutt,jcolcuttl4@tinyurl.com,Female,26.160.21.41
762,Gertie,Wansbury,gwansburyl5@slashdot.org,Female,164.16.154.0
763,Herby,Robers,hrobersl6@howstuffworks.com,Male,191.157.215.36
764,Thomasin,Shortan,tshortanl7@google.pl,Female,47.65.22.161
765,Allene,Gilders,agildersl8@1688.com,Female,138.19.240.18
766,Olympie,Amner,oamnerl9@businessinsider.com,Female,99.61.92.14
767,Gracia,Le Monnier,glemonnierla@statcounter.com,Female,172.198.97.124
768,Birch,Ivory,bivorylb@howstuffworks.com,Male,80.121.142.15
769,Clovis,Farans,cfaranslc@360.cn,Female,248.212.172.191
770,Johnny,Boxill,jboxillld@scientificamerican.com,Male,203.85.42.163
771,Gilberte,Baswall,gbaswallle@netscape.com,Female,67.17.142.241
772,Miof mela,Filipczak,mfilipczaklf@newyorker.com,Female,209.168.215.10
773,Tan,Kipping,tkippinglg@nifty.com,Male,71.149.220.50
774,Clevey,Rosebotham,crosebothamlh@wordpress.com,Male,90.157.47.146
775,Goran,Keune,gkeuneli@livejournal.com,Male,47.137.106.76
776,Ilse,Oldridge,ioldridgelj@studiopress.com,Female,137.149.14.84
777,Meggy,Feben,mfebenlk@hud.gov,Female,63.96.160.72
778,Clim,Goodlip,cgoodlipll@dion.ne.jp,Male,219.42.51.17
779,Eloise,MacIlriach,emacilriachlm@technorati.com,Female,42.108.29.199
780,Web,Souley,wsouleyln@facebook.com,Male,102.230.68.169
781,Amory,Vaan,avaanlo@4shared.com,Male,30.64.247.129
782,Vail,Cuming,vcuminglp@sphinn.com,Male,199.125.191.182
783,Annabell,Belleny,abellenylq@about.com,Female,77.173.109.22
784,Hendrick,Izhakov,hizhakovlr@ucoz.ru,Male,197.195.150.1
785,Marja,Moysey,mmoyseyls@toplist.cz,Female,93.196.122.66
786,Rita,Podmore,rpodmorelt@dmoz.org,Female,21.238.179.2
787,Adlai,Tenbrug,atenbruglu@mlb.com,Male,28.131.189.210
788,Sallie,McKea,smckealv@soup.io,Female,49.93.14.20
789,Harley,Sale,hsalelw@usatoday.com,Female,47.195.12.34
790,Griz,Evered,geveredlx@sbwire.com,Male,89.98.33.113
791,Leese,Titcombe,ltitcombely@altervista.org,Female,11.135.91.133
792,Hilde,Jacomb,hjacomblz@goodreads.com,Female,207.170.226.108
793,Kingsley,Rowden,krowdenm0@wordpress.org,Male,33.133.241.199
794,Dale,Tumpane,dtumpanem1@geocities.com,Male,204.100.3.9
795,Meta,Durham,mdurhamm2@uiuc.edu,Female,186.134.149.181
796,Alvinia,Goodfellow,agoodfellowm3@hao123.com,Female,10.203.172.13
797,Simone,Orleton,sorletonm4@aboutads.info,Male,176.9.170.89
798,Burch,Lichfield,blichfieldm5@marketwatch.com,Male,138.193.169.94
799,Sheff,Riccioppo,sriccioppom6@friendfeed.com,Male,220.36.40.62
800,Gaye,Arnowicz,garnowiczm7@nbcnews.com,Female,238.173.19.101
801,Frederic,Callaghan,fcallaghanm8@usgs.gov,Male,182.243.209.240
802,Augustine,Barkway,abarkwaym9@zdnet.com,Male,214.241.55.220
803,Siward,Dorrance,sdorrancema@army.mil,Male,155.242.83.4
804,Dita,Fey,dfeymb@cbsnews.com,Female,107.116.144.205
805,Joanna,MacKey,jmackeymc@usa.gov,Female,210.9.242.228
806,Roxi,MacWhan,rmacwhanmd@tuttocitta.it,Female,48.115.100.85
807,Corrina,Kornousek,ckornousekme@spiegel.de,Female,170.200.158.27
808,Abdul,Padbery,apadberymf@patch.com,Male,98.114.94.108
809,Griswold,Hazeldean,ghazeldeanmg@smugmug.com,Male,214.95.210.93
810,Griffie,Gammie,ggammiemh@geocities.jp,Male,35.49.201.177
811,Judas,Dyott,jdyottmi@qq.com,Male,58.227.110.126
812,Lyndel,Kanter,lkantermj@skyrock.com,Female,102.48.157.84
813,Carmelina,Delatour,cdelatourmk@facebook.com,Female,5.10.215.136
814,Quintilla,Minister,qministerml@omniture.com,Female,154.91.154.163
815,Orly,Stickels,ostickelsmm@fda.gov,Female,93.68.63.87
816,Jacinta,Noell,jnoellmn@blog.com,Female,13.126.64.171
817,Jayne,de Zamora,jdezamoramo@bloomberg.com,Female,242.239.245.133
818,Itch,Airy,iairymp@constantcontact.com,Male,103.34.7.31
819,Alta,Flynn,aflynnmq@sun.com,Female,90.3.126.252
820,Denna,Stife,dstifemr@woothemes.com,Female,249.94.215.123
821,Briano,Gooday,bgoodayms@sfgate.com,Male,140.131.214.51
822,Cass,Callard,ccallardmt@google.de,Female,254.189.48.96
823,Pauly,Lyddy,plyddymu@i2i.jp,Male,210.96.133.0
824,Marlon,De Vaar,mdevaarmv@tripod.com,Male,134.147.219.103
825,Hunt,Harker,hharkermw@bandcamp.com,Male,240.46.93.31
826,Cal,Fechnie,cfechniemx@google.nl,Male,14.186.201.184
827,Andres,Beed,abeedmy@flickr.com,Male,244.173.195.25
828,Lannie,Cauderlie,lcauderliemz@usgs.gov,Male,143.229.127.148
829,Neilla,Kirkup,nkirkupn0@state.tx.us,Female,121.112.81.8
830,Vladamir,Lathan,vlathann1@japanpost.jp,Male,207.25.107.253
831,Daisi,Klimontovich,dklimontovichn2@123-reg.co.uk,Female,198.50.6.217
832,Bryant,Bamsey,bbamseyn3@businesswire.com,Male,250.89.56.72
833,Aeriell,Charlin,acharlinn4@fotki.com,Female,33.26.115.50
834,Bern,Venables,bvenablesn5@vk.com,Male,231.220.158.236
835,Perry,Artinstall,partinstalln6@webs.com,Female,75.6.194.52
836,Lexis,Trumper,ltrumpern7@nymag.com,Female,244.97.213.194
837,Myra,Swainsbury,mswainsburyn8@woothemes.com,Female,254.186.124.241
838,Shina,Guidelli,sguidellin9@google.co.jp,Female,87.105.252.9
839,Hortense,Quilligan,hquilliganna@list-manage.com,Female,231.101.200.160
840,Clea,Escott,cescottnb@squarespace.com,Female,123.207.140.134
841,Garvey,Tofano,gtofanonc@china.com.cn,Male,220.196.195.43
842,Bendite,Jime,bjimend@businesswire.com,Female,73.203.143.44
843,Pall,Gergher,pgergherne@fotki.com,Male,48.224.43.103
844,Brear,Bratcher,bbratchernf@histats.com,Female,36.36.95.213
845,Ward,Petren,wpetrenng@bravesites.com,Male,13.37.109.57
846,Temple,Chatto,tchattonh@google.it,Male,176.117.177.91
847,Shepperd,Dehn,sdehnni@cisco.com,Male,88.200.154.132
848,Cammy,Crudginton,ccrudgintonnj@mapy.cz,Male,208.59.109.148
849,Rey,Burril,rburrilnk@forbes.com,Male,166.30.72.65
850,Giusto,Muncaster,gmuncasternl@wikia.com,Male,242.255.137.163
851,Ediva,Pressdee,epressdeenm@harvard.edu,Female,205.77.62.180
852,Jolie,Zmitrovich,jzmitrovichnn@yellowbook.com,Female,193.101.147.82
853,Flor,Divis,fdivisno@vimeo.com,Female,47.199.120.200
854,Kerstin,Davinet,kdavinetnp@uiuc.edu,Female,45.177.16.215
855,Siffre,Sleaford,ssleafordnq@weibo.com,Male,77.214.128.129
856,Lancelot,Dundendale,ldundendalenr@typepad.com,Male,14.125.47.154
857,Basile,Stanislaw,bstanislawns@dropbox.com,Male,45.49.231.28
858,Ancell,Pankettman,apankettmannt@netlog.com,Male,80.196.197.182
859,Thornton,Arthan,tarthannu@ow.ly,Male,137.161.120.210
860,Franky,Kornalik,fkornaliknv@discuz.net,Female,70.219.76.126
861,Jaclin,Sandwick,jsandwicknw@ucsd.edu,Female,132.242.33.156
862,Eldredge,Warret,ewarretnx@purevolume.com,Male,245.159.243.107
863,Kelley,Orwell,korwellny@si.edu,Male,87.99.230.157
864,Aleen,Sabben,asabbennz@go.com,Female,179.16.133.43
865,Adelheid,Izhakov,aizhakovo0@discovery.com,Female,7.54.106.176
866,Esme,Skidmore,eskidmoreo1@exblog.jp,Female,74.53.58.192
867,Trefor,Niemetz,tniemetzo2@discuz.net,Male,245.73.106.150
868,Marion,Tace,mtaceo3@g.co,Female,62.169.232.81
869,Gae,Paggitt,gpaggitto4@a8.net,Female,51.23.51.74
870,Skippie,Cliss,sclisso5@cargocollective.com,Male,238.175.156.167
871,Jordana,Brasher,jbrashero6@skyrock.com,Female,148.85.140.73
872,Benedikta,Eccles,beccleso7@ucoz.ru,Female,141.101.55.64
873,Crystal,Walkowski,cwalkowskio8@youtube.com,Female,55.95.188.28
874,Robb,Moysey,rmoyseyo9@yahoo.com,Male,139.212.43.59
875,Neal,Rootham,nroothamoa@fda.gov,Male,149.89.139.172
876,Brian,Upston,bupstonob@surveymonkey.com,Male,168.102.189.111
877,Hermy,McCamish,hmccamishoc@si.edu,Male,180.25.110.15
878,Sanderson,Jennings,sjenningsod@thetimes.co.uk,Male,236.43.32.148
879,Corrina,Skamal,cskamaloe@spotify.com,Female,238.57.115.204
880,Claire,Mongeot,cmongeotof@istockphoto.com,Male,204.158.149.242
881,Johan,Kale,jkaleog@digg.com,Male,95.91.140.133
882,Dagny,Condon,dcondonoh@studiopress.com,Male,2.25.150.46
883,Lamont,McFadin,lmcfadinoi@indiatimes.com,Male,214.164.40.240
884,Nickey,Narramor,nnarramoroj@indiegogo.com,Male,37.217.109.21
885,Abner,Moreside,amoresideok@cyberchimps.com,Male,131.166.149.44
886,Hussein,McCoy,hmccoyol@oaic.gov.au,Male,191.86.152.47
887,Flory,Messam,fmessamom@noaa.gov,Female,249.50.151.117
888,Zacherie,Warters,zwarterson@instagram.com,Male,132.16.173.185
889,Dagny,Walczynski,dwalczynskioo@pcworld.com,Male,146.212.32.243
890,Saraann,Stollenbecker,sstollenbeckerop@cam.ac.uk,Female,69.49.33.225
891,Yanaton,Minogue,yminogueoq@huffingtonpost.com,Male,187.124.238.232
892,Lucia,Sarath,lsarathor@yandex.ru,Female,109.58.6.194
893,Hymie,D'Agostini,hdagostinios@miitbeian.gov.cn,Male,65.227.46.223
894,Netti,Dewett,ndewettot@yellowbook.com,Female,18.143.130.73
895,Gabbi,Hawkes,ghawkesou@lycos.com,Female,48.91.150.38
896,Ynes,Hannigane,yhanniganeov@digg.com,Female,151.246.230.28
897,Isaac,Bosence,ibosenceow@state.tx.us,Male,27.32.176.63
898,Goldia,Godsmark,ggodsmarkox@dmoz.org,Female,35.201.68.211
899,Stevie,Bellenger,sbellengeroy@pen.io,Male,110.55.227.72
900,Kendell,Welham,kwelhamoz@washingtonpost.com,Male,74.253.178.105
901,Terry,Vincent,tvincentp0@tripadvisor.com,Female,39.7.94.51
902,Keane,Wroth,kwrothp1@bing.com,Male,199.66.170.3
903,Mavis,Nary,mnaryp2@omniture.com,Female,102.137.13.111
904,Harrietta,Kear,hkearp3@youku.com,Female,162.91.162.127
905,Meredith,Lawlee,mlawleep4@umn.edu,Female,71.64.214.78
906,Rourke,Wyrill,rwyrillp5@yandex.ru,Male,255.73.204.34
907,La verne,Buglass,lbuglassp6@constantcontact.com,Female,185.202.220.32
908,Zeke,Sherewood,zsherewoodp7@usgs.gov,Male,127.252.160.242
909,Alice,Diprose,adiprosep8@bizjournals.com,Female,49.1.149.0
910,Karine,Godrich,kgodrichp9@buzzfeed.com,Female,87.70.249.155
911,Filbert,Brigstock,fbrigstockpa@jalbum.net,Male,97.196.175.173
912,Matty,Fredson,mfredsonpb@slashdot.org,Female,33.221.119.240
913,Anstice,Osgorby,aosgorbypc@indiatimes.com,Female,60.187.128.139
914,Donnajean,Varfalameev,dvarfalameevpd@hubpages.com,Female,29.110.75.68
915,Reinaldos,Atchly,ratchlype@oaic.gov.au,Male,54.244.58.224
916,Miguelita,Belleny,mbellenypf@businessweek.com,Female,6.37.109.17
917,Markus,Ollie,molliepg@photobucket.com,Male,85.166.240.121
918,Iver,MacMichael,imacmichaelph@barnesandnoble.com,Male,29.8.37.107
919,Roddy,Whiteside,rwhitesidepi@digg.com,Male,250.13.119.162
920,Dorice,Cutbush,dcutbushpj@networksolutions.com,Female,71.251.146.166
921,Odelle,Anthonies,oanthoniespk@msn.com,Female,33.26.75.54
922,Giacinta,Farlham,gfarlhampl@lulu.com,Female,199.223.179.145
923,Kimberley,Branwhite,kbranwhitepm@mapy.cz,Female,198.102.147.23
924,Rudd,McIlmorie,rmcilmoriepn@google.pl,Male,196.72.91.16
925,Fons,Colliver,fcolliverpo@pcworld.com,Male,117.36.2.77
926,Worthington,Culp,wculppp@com.com,Male,164.245.12.168
927,Wilbert,Fernant,wfernantpq@vk.com,Male,17.198.147.245
928,Pierson,Furbank,pfurbankpr@ucla.edu,Male,85.85.126.216
929,Ram,Monckman,rmonckmanps@opensource.org,Male,98.170.254.240
930,Mel,Doni,mdonipt@booking.com,Female,150.94.170.167
931,Francene,Marfell,fmarfellpu@myspace.com,Female,36.38.246.249
932,Sheila,Gertray,sgertraypv@canalblog.com,Female,174.167.216.43
933,Emery,Westhoff,ewesthoffpw@independent.co.uk,Male,85.196.253.157
934,Jean,Douche,jdouchepx@auda.org.au,Male,132.227.10.146
935,Forbes,Kilminster,fkilminsterpy@tripadvisor.com,Male,25.137.45.165
936,Carrissa,Mateos,cmateospz@wikia.com,Female,174.161.224.39
937,Arni,Corringham,acorringhamq0@cloudflare.com,Male,239.32.62.64
938,Quillan,Snead,qsneadq1@cnet.com,Male,188.44.226.19
939,Stearn,Hovert,shovertq2@google.de,Male,10.32.66.170
940,Donnajean,Pearde,dpeardeq3@thetimes.co.uk,Female,190.79.85.206
941,Bogey,Mallan,bmallanq4@mediafire.com,Male,140.116.201.131
942,Adella,Diprose,adiproseq5@technorati.com,Female,165.98.176.165
943,Ami,Lyon,alyonq6@mapquest.com,Female,133.121.140.187
944,Kylie,Comber,kcomberq7@addthis.com,Female,86.13.69.87
945,Desirae,Pamphilon,dpamphilonq8@google.com.au,Female,73.32.220.139
946,Jacynth,Spavins,jspavinsq9@w3.org,Female,106.204.159.78
947,Mel,Rowston,mrowstonqa@ning.com,Male,103.157.86.0
948,Penrod,Rosenwasser,prosenwasserqb@vimeo.com,Male,195.154.185.214
949,Mohammed,Attenbrow,mattenbrowqc@dell.com,Male,39.154.211.14
950,Millard,Gibberd,mgibberdqd@loc.gov,Male,8.252.61.206
951,Hamish,Hannent,hhannentqe@yahoo.com,Male,237.246.169.115
952,Guy,Pilsbury,gpilsburyqf@so-net.ne.jp,Male,14.149.152.23
953,Raff,Maytom,rmaytomqg@springer.com,Male,214.97.72.11
954,Jammie,Rosenhaus,jrosenhausqh@noaa.gov,Female,202.163.8.178
955,Gregg,Hallyburton,ghallyburtonqi@samsung.com,Male,27.189.148.7
956,Gerardo,Niset,gnisetqj@cdbaby.com,Male,16.240.230.171
957,Gwynne,Scahill,gscahillqk@webs.com,Female,54.20.170.123
958,Filia,Dukes,fdukesql@sina.com.cn,Female,239.102.89.45
959,Pascal,Verdun,pverdunqm@google.nl,Male,247.37.123.25
960,Skipper,Maddocks,smaddocksqn@storify.com,Male,1.40.73.231
961,Marven,Rodgman,mrodgmanqo@mayoclinic.com,Male,187.161.18.33
962,Quent,Faraker,qfarakerqp@cnn.com,Male,48.210.22.161
963,Ibrahim,Vinall,ivinallqq@webs.com,Male,53.73.135.146
964,Hershel,Borkin,hborkinqr@cpanel.net,Male,149.14.82.171
965,Gennifer,Jurek,gjurekqs@patch.com,Female,197.43.81.71
966,Tremaine,Losselyong,tlosselyongqt@friendfeed.com,Male,29.169.76.6
967,Archer,Collop,acollopqu@vk.com,Male,232.32.80.97
968,Joana,Caldayrou,jcaldayrouqv@yelp.com,Female,8.24.40.70
969,Layne,Whitaker,lwhitakerqw@etsy.com,Female,35.221.248.180
970,Ainslee,Aristide,aaristideqx@altervista.org,Female,134.94.45.5
971,Mair,Stanway,mstanwayqy@goo.gl,Female,55.47.100.77
972,Syd,Waye,swayeqz@theatlantic.com,Male,188.241.30.132
973,Doreen,Dymocke,ddymocker0@skyrock.com,Female,122.119.97.208
974,Addie,Ivantsov,aivantsovr1@wikia.com,Female,211.217.224.112
975,Xymenes,Carse,xcarser2@oracle.com,Male,184.146.179.17
976,Eli,Crocetti,ecrocettir3@pagesperso-orange.fr,Male,230.219.230.149
977,Carry,Pile,cpiler4@storify.com,Female,92.100.94.27
978,Halley,Esby,hesbyr5@artisteer.com,Female,141.136.100.95
979,Gisele,Rainsden,grainsdenr6@yelp.com,Female,85.213.23.167
980,Heinrick,Rosenstein,hrosensteinr7@disqus.com,Male,41.224.198.53
981,Vanessa,Cleland,vclelandr8@hao123.com,Female,93.49.243.207
982,Jephthah,Tussaine,jtussainer9@wisc.edu,Male,27.231.224.123
983,Ludovico,Alaway,lalawayra@slate.com,Male,113.22.31.210
984,Johnette,Pulteneye,jpulteneyerb@redcross.org,Female,111.18.65.217
985,Lindon,Joffe,ljofferc@google.co.jp,Male,18.62.144.63
986,Ingram,Northfield,inorthfieldrd@newsvine.com,Male,139.142.235.105
987,Marjie,Carratt,mcarrattre@yahoo.com,Female,217.240.230.230
988,Colver,Duckers,cduckersrf@wsj.com,Male,159.249.58.51
989,Clarita,Golsthorp,cgolsthorprg@npr.org,Female,42.87.116.177
990,Fee,Hew,fhewrh@issuu.com,Male,204.165.94.224
991,Aurelia,Giovanetti,agiovanettiri@usgs.gov,Female,24.225.97.252
992,Parke,Garza,pgarzarj@si.edu,Male,80.32.189.138
993,Daron,O'Fallone,dofallonerk@geocities.com,Female,40.44.32.229
994,Archibold,MacAfee,amacafeerl@csmonitor.com,Male,176.22.109.209
995,Erskine,Gooley,egooleyrm@reverbnation.com,Male,22.167.244.63
996,Lebbie,Elcox,lelcoxrn@upenn.edu,Female,235.240.169.43
997,Urbanus,Ingerson,uingersonro@ucsd.edu,Male,171.198.59.43
998,Corrie,Gilffilland,cgilffillandrp@geocities.jp,Female,93.130.182.52
999,Leonardo,Fuster,lfusterrq@weebly.com,Male,91.72.12.60
1000,Fonzie,Le Grand,flegrandrr@hubpages.com,Male,201.115.135.82
